{"cameraMode":{"drawMode":0,"name":"Shaded","section":"Shading Mode"},"sceneLighting":true,"audioPlay":false,"sceneViewState":{"showFog":true,"showMaterialUpdate":false,"showSkybox":true,"showFlares":true,"showImageEffects":true,"showParticleSystems":true},"in2DMode":false,"pivot":{"x":73.99095153808594,"y":218.20777893066407,"z":-47.12534713745117},"rotation":{"x":0.001499320613220334,"y":-0.029995469376444818,"z":0.000044994085328653455,"w":0.9995488524436951},"size":169.97914123535157,"orthographic":false}