{"cameraMode":{"drawMode":0,"name":"Shaded","section":"Shading Mode"},"sceneLighting":true,"audioPlay":false,"sceneViewState":{"showFog":true,"showMaterialUpdate":false,"showSkybox":true,"showFlares":true,"showImageEffects":true,"showParticleSystems":true},"in2DMode":false,"pivot":{"x":13.686844825744629,"y":-2.7079615592956545,"z":1.9162144660949708},"rotation":{"x":-0.08813807368278504,"y":-0.6922037601470947,"z":0.08579064905643463,"w":-0.7111439108848572},"size":9.403860092163086,"orthographic":false}